{
  "topic_code": "TOPIC_02_ACTIONS",
  "topic_name": "Hành động",
  "suggested_maps": [
    {
      "id": "topic02-req04-debug-seq",
      "level": 4,
      "titleKey": "Challenge.topic02-req04-debug-seq.Title",
      "descriptionKey": "Challenge.topic02-req04-debug-seq.Description",
      "translations": {
        "vi": {
          "Challenge.topic02-req04-debug-seq.Title": "Sửa lỗi: Thu thập quá sớm",
          "Challenge.topic02-req04-debug-seq.Description": "Các lệnh đều đúng, nhưng nhân vật đang cố thu thập pha lê trước khi di chuyển tới vị trí của nó. Hãy sắp xếp lại!"
        },
        "en": {
          "Challenge.topic02-req04-debug-seq.Title": "Debug: Collect Too Soon",
          "Challenge.topic02-req04-debug-seq.Description": "All the commands are correct, but the character is trying to collect the crystal before moving to its location. Reorder them!"
        }
      },
      "generation_config": {
        "map_type": "simple_path",
        "logic_type": "sequencing",
        "num_variants": 1,
        "params": {
          "path_length": 3,
          "items_to_place": "crystal",
          "start_blocks_type": "buggy_solution",
          "bug_type": "sequence_error",
          "bug_config": {
            "target": "main"
          }
        }
      },
      "blockly_config": {
        "toolbox_preset": "movement_actions"
      },
      "solution_config": {
        "type": "reach_target",
        "itemGoals": {
          "crystal": 1
        }
      }
    }
  ]
}