{
  "topic_code": "TOPIC_03_LOOPS",
  "topic_name": "Vòng lặp",
  "suggested_maps": [
    {
      "id": "topic03-req03-debug-logic",
      "level": 3,
      "titleKey": "Challenge.topic03-req03-debug-logic.Title",
      "descriptionKey": "Challenge.topic03-req03-debug-logic.Description",
      "translations": {
        "vi": {
          "Challenge.topic03-req03-debug-logic.Title": "Sửa lỗi: Rẽ sai hướng",
          "Challenge.topic03-req03-debug-logic.Description": "Chương trình này làm nhân vật rẽ trái thay vì rẽ phải ở góc cua. Hãy tìm và sửa lại khối lệnh bị sai!"
        },
        "en": {
          "Challenge.topic03-req03-debug-logic.Title": "Debug: Wrong Turn",
          "Challenge.topic03-req03-debug-logic.Description": "This program makes the character turn left instead of right at the corner. Find and fix the incorrect block!"
        }
      },
      "generation_config": {
        "map_type": "l_shape",
        "logic_type": "sequencing",
        "num_variants": 1,
        "params": {
          "path_length": 4,
          "turn_direction": "right",
          "start_blocks_type": "buggy_solution",
          "bug_type": "incorrect_block",
          "bug_config": {
            "target": "main",
            "options": {
              "from": "turn_right",
              "to": "turn_left"
            }
          }
        }
      },
      "blockly_config": {
        "toolbox_preset": "movement_actions"
      },
      "solution_config": {
        "type": "reach_target",
        "itemGoals": {
          "crystal": 1
        }
      }
    },
    {
      "id": "topic03-req05-refactor",
      "level": 5,
      "titleKey": "Challenge.topic03-req05-refactor.Title",
      "descriptionKey": "Challenge.topic03-req05-refactor.Description",
      "translations": {
        "vi": {
          "Challenge.topic03-req05-refactor.Title": "Tối ưu: Vẽ hình vuông",
          "Challenge.topic03-req05-refactor.Description": "Chương trình này chạy đúng nhưng quá dài. Hãy sử dụng kiến thức về vòng lặp để viết lại chương trình cho ngắn gọn hơn."
        },
        "en": {
          "Challenge.topic03-req05-refactor.Title": "Refactor: Drawing a Square",
          "Challenge.topic03-req05-refactor.Description": "This program draws the square correctly, but it's too long. Use your knowledge of loops to rewrite it more concisely."
        }
      },
      "generation_config": {
        "map_type": "square_shape",
        "logic_type": "for_loop_simple",
        "num_variants": 1,
        "params": {
          "side_length": 4,
          "start_blocks_type": "unrefactored_solution"
        }
      },
      "blockly_config": {
        "toolbox_preset": "loops_basic"
      },
      "solution_config": {
        "type": "reach_target",
        "itemGoals": {}
      }
    }
  ]
}