{
  "topic_code": "TOPIC_09_3D_NAV",
  "topic_name": "Điều hướng 3D",
  "suggested_maps": [
    {
      "id": "topic09-req01-vertical-maze",
      "level": 1,
      "titleKey": "Challenge.topic09-req01-vertical-maze.Title",
      "descriptionKey": "Challenge.topic09-req01-vertical-maze.Description",
      "translations": {
        "vi": {
          "Challenge.topic09-req01-vertical-maze.Title": "Mê cung Dựng đứng",
          "Challenge.topic09-req01-vertical-maze.Description": "Nhân vật đang ở dưới chân một mê cung lơ lửng. Hãy sử dụng các lệnh di chuyển và nhảy để tìm đường lên đến đích ở trên cao."
        },
        "en": {
          "Challenge.topic09-req01-vertical-maze.Title": "Vertical Maze",
          "Challenge.topic09-req01-vertical-maze.Description": "The character is at the bottom of a floating maze. Use move and jump commands to find the way to the destination high above."
        }
      },
      "generation_config": {
        "map_type": "swift_playground_maze",
        "logic_type": "swift_playground_placer",
        "num_variants": 1,
        "params": {
          "maze_width": 14,
          "maze_depth": 14,
          "items_to_place": [
            "crystal",
            "crystal",
            "crystal",
            "crystal",
            "crystal",
            "crystal",
            "crystal",
            "crystal",
            "crystal",
            "crystal"
          ],
          "asset_theme": {
            "ground": "ground.snow",
            "obstacle": "ice.ice01"
          }
        }
      },
      "blockly_config": {
        "toolbox_preset": "full_toolbox"
      },
      "solution_config": {
        "type": "reach_target",
        "itemGoals": {
          "crystal": 10
        }
      }
    },
    {
      "id": "topic09-req02-spiral-down",
      "level": 2,
      "titleKey": "Challenge.topic09-req02-spiral-down.Title",
      "descriptionKey": "Challenge.topic09-req02-spiral-down.Description",
      "translations": {
        "vi": {
          "Challenge.topic09-req02-spiral-down.Title": "Xoắn ốc Đi xuống",
          "Challenge.topic09-req02-spiral-down.Description": "Bạn đang ở trên đỉnh của một cấu trúc xoắn ốc. Hãy tìm đường đi xuống và thu thập tất cả các viên ngọc trên đường đi."
        },
        "en": {
          "Challenge.topic09-req02-spiral-down.Title": "Descending Spiral",
          "Challenge.topic09-req02-spiral-down.Description": "You are at the top of a spiral structure. Find your way down and collect all the gems along the way."
        }
      },
      "generation_config": {
        "map_type": "spiral_3d",
        "logic_type": "spiral_3d_placer",
        "num_variants": 1,
        "params": {
          "num_turns": 8,
          "reverse": "true",
          "items_to_place": [
            "crystal",
            "crystal",
            "crystal",
            "crystal"
          ],
          "asset_theme": {
            "ground": "ground.snow",
            "obstacle": "ice.ice01"
          }
        }
      },
      "blockly_config": {
        "toolbox_preset": "full_toolbox"
      },
      "solution_config": {
        "type": "reach_target",
        "itemGoals": {
          "crystal": 4
        }
      }
    },
    {
      "id": "topic09-req03-spiral-up",
      "level": 3,
      "titleKey": "Challenge.topic09-req03-spiral-up.Title",
      "descriptionKey": "Challenge.topic09-req03-spiral-up.Description",
      "translations": {
        "vi": {
          "Challenge.topic09-req03-spiral-up.Title": "Xoắn ốc Đi lên",
          "Challenge.topic09-req03-spiral-up.Description": "Bạn đang ở chân một cấu trúc xoắn ốc. Hãy tìm đường đi lên đỉnh và thu thập tất cả các viên ngọc trên đường đi."
        },
        "en": {
          "Challenge.topic09-req03-spiral-up.Title": "Ascending Spiral",
          "Challenge.topic09-req03-spiral-up.Description": "You are at the bottom of a spiral structure. Find your way up and collect all the gems along the way."
        }
      },
      "generation_config": {
        "map_type": "spiral_3d",
        "logic_type": "spiral_3d_placer",
        "num_variants": 1,
        "params": {
          "num_turns": 8,
          "items_to_place": [
            "crystal",
            "crystal",
            "crystal",
            "crystal"
          ],
          "asset_theme": {
            "ground": "stone.stone01",
            "obstacle": "wall.brick03"
          }
        }
      },
      "blockly_config": {
        "toolbox_preset": "full_toolbox"
      },
      "solution_config": {
        "type": "reach_target",
        "itemGoals": {
          "crystal": 4
        }
      }
    }
  ]
}