{
  "gameConfig": {
    "type": "maze",
    "renderer": "3d",
    "blocks": [
      {
        "modelKey": "ground.normal",
        "position": {
          "x": 0,
          "y": 0,
          "z": 0
        }
      },
      {
        "modelKey": "ground.normal",
        "position": {
          "x": 1,
          "y": 0,
          "z": 0
        }
      },
      {
        "modelKey": "ground.normal",
        "position": {
          "x": 2,
          "y": 0,
          "z": 0
        }
      },
      {
        "modelKey": "ground.normal",
        "position": {
          "x": 3,
          "y": 0,
          "z": 0
        }
      },
      {
        "modelKey": "ground.normal",
        "position": {
          "x": 4,
          "y": 0,
          "z": 0
        }
      },
      {
        "modelKey": "ground.normal",
        "position": {
          "x": 5,
          "y": 0,
          "z": 0
        }
      },
      {
        "modelKey": "wall.brick01",
        "position": {
          "x": 5,
          "y": 1,
          "z": 0
        }
      },
      {
        "modelKey": "ground.normal",
        "position": {
          "x": 6,
          "y": 0,
          "z": 0
        }
      },
      {
        "modelKey": "ground.normal",
        "position": {
          "x": 6,
          "y": 0,
          "z": 1
        }
      },
      {
        "modelKey": "ground.normal",
        "position": {
          "x": 6,
          "y": 0,
          "z": 2
        }
      },
      {
        "modelKey": "ground.normal",
        "position": {
          "x": 6,
          "y": 0,
          "z": 3
        }
      },
      {
        "modelKey": "ground.normal",
        "position": {
          "x": 6,
          "y": 0,
          "z": 4
        }
      },
      {
        "modelKey": "ground.normal",
        "position": {
          "x": 6,
          "y": 0,
          "z": 5
        }
      }
    ],
    "players": [
      {
        "id": "player1",
        "start": {
          "x": 0,
          "y": 1,
          "z": 0,
          "direction": 1
        }
      }
    ],
    "collectibles": [
      {
        "id": "c1",
        "type": "crystal",
        "position": {
          "x": 2,
          "y": 1,
          "z": 0
        }
      }
    ],
    "interactibles": [
      {
        "id": "s1",
        "type": "switch",
        "position": {
          "x": 3,
          "y": 1,
          "z": 0
        },
        "initialState": "off"
      }
    ],
    
    "finish": {
      "x": 6,
      "y": 1,
      "z": 5
    }
  }
}