{
  "movement_only": {
    "kind": "categoryToolbox",
    "contents": [
      { "kind": "category", "name": "%{BKY_GAMES_CATMOVEMENT}", "categorystyle": "movement_category", "contents": [
        { "kind": "block", "type": "maze_moveForward" },
        { "kind": "block", "type": "maze_turn" }
      ]}
    ]
  },
  "movement_jump": {
    "kind": "categoryToolbox",
    "contents": [
       { "kind": "category", "name": "%{BKY_GAMES_CATMOVEMENT}", "categorystyle": "movement_category", "contents": [
        { "kind": "block", "type": "maze_moveForward" },
        { "kind": "block", "type": "maze_turn" },
        { "kind": "block", "type": "maze_jump" }
      ]}
    ]
  },
  "movement_collect": {
    "kind": "categoryToolbox",
    "contents": [
      { "kind": "category", "name": "%{BKY_GAMES_CATMOVEMENT}", "categorystyle": "movement_category", "contents": [
        { "kind": "block", "type": "maze_moveForward" },
        { "kind": "block", "type": "maze_turn" }
      ]},
      { "kind": "category", "name": "%{BKY_GAMES_CATACTIONS}", "categorystyle": "actions_category", "contents": [
        { "kind": "block", "type": "maze_collect" }
      ]}
    ]
  },
  "movement_turn": {
    "kind": "categoryToolbox",
    "contents": [
      { "kind": "category", "name": "%{BKY_GAMES_CATMOVEMENT}", "categorystyle": "movement_category", "contents": [
        { "kind": "block", "type": "maze_moveForward" },
        { "kind": "block", "type": "maze_turn" }
      ]}
    ]
  },
  "movement_full": {
    "kind": "categoryToolbox",
    "contents": [
      { "kind": "category", "name": "%{BKY_GAMES_CATMOVEMENT}", "categorystyle": "movement_category", "contents": [
        { "kind": "block", "type": "maze_moveForward" },
        { "kind": "block", "type": "maze_turn" },
        { "kind": "block", "type": "maze_jump" }
      ]},
      { "kind": "category", "name": "%{BKY_GAMES_CATACTIONS}", "categorystyle": "actions_category", "contents": [
        { "kind": "block", "type": "maze_collect" }
      ]}
    ]
  },
  "topic_1_sequencing": {
    "kind": "categoryToolbox",
    "contents": [
      { "kind": "category", "name": "%{BKY_GAMES_CATMOVEMENT}", "categorystyle": "movement_category", "contents": [
        { "kind": "block", "type": "maze_moveForward" },
        { "kind": "block", "type": "maze_turn" },
        { "kind": "block", "type": "maze_jump" }
      ]},
      { "kind": "category", "name": "%{BKY_GAMES_CATACTIONS}", "categorystyle": "actions_category", "contents": [
        { "kind": "block", "type": "maze_collect" },
        { "kind": "block", "type": "maze_toggle_switch" }
      ]}
    ]
  },
  "movement_actions": {
    "kind": "categoryToolbox",
    "contents": [
      { "kind": "category", "name": "%{BKY_GAMES_CATMOVEMENT}", "categorystyle": "movement_category", "contents": [
        { "kind": "block", "type": "maze_moveForward" },
        { "kind": "block", "type": "maze_jump" },
        { "kind": "block", "type": "maze_turn" }
      ]},
      { "kind": "category", "name": "%{BKY_GAMES_CATACTIONS}", "categorystyle": "actions_category", "contents": [
        { "kind": "block", "type": "maze_collect" },
        { "kind": "block", "type": "maze_toggle_switch" }
      ]}
    ]
  },
  "functions_basic": {
    "kind": "categoryToolbox",
    "contents": [
      { "kind": "category", "name": "%{BKY_GAMES_CATMOVEMENT}", "categorystyle": "movement_category", "contents": [
        { "kind": "block", "type": "maze_moveForward" },
        { "kind": "block", "type": "maze_jump" },
        { "kind": "block", "type": "maze_turn" }
      ]},
      { "kind": "category", "name": "%{BKY_GAMES_CATACTIONS}", "categorystyle": "actions_category", "contents": [
        { "kind": "block", "type": "maze_collect" },
        { "kind": "block", "type": "maze_toggle_switch" }
      ]},
      { "kind": "sep" },
      { "kind": "category", "name": "%{BKY_GAMES_CATPROCEDURES}", "custom": "PROCEDURE", "categorystyle": "procedure_category" }
    ]
  },
  "functions_full": {
    "kind": "categoryToolbox",
    "contents": [
      { "kind": "category", "name": "%{BKY_GAMES_CATMOVEMENT}", "categorystyle": "movement_category", "contents": [
        { "kind": "block", "type": "maze_moveForward" },
        { "kind": "block", "type": "maze_jump" },
        { "kind": "block", "type": "maze_turn" }
      ]},
      { "kind": "category", "name": "%{BKY_GAMES_CATACTIONS}", "categorystyle": "actions_category", "contents": [
        { "kind": "block", "type": "maze_collect" },
        { "kind": "block", "type": "maze_toggle_switch" }
      ]},
      { "kind": "sep" },
      { "kind": "category", "name": "%{BKY_GAMES_CATPROCEDURES}", "custom": "PROCEDURE", "categorystyle": "procedure_category" }
    ]
  },
  "functions_movement_only": {
    "kind": "categoryToolbox",
    "contents": [
      { "kind": "category", "name": "%{BKY_GAMES_CATMOVEMENT}", "categorystyle": "movement_category", "contents": [
        { "kind": "block", "type": "maze_moveForward" },
        { "kind": "block", "type": "maze_jump" },
        { "kind": "block", "type": "maze_turn" }
      ]},
      { "kind": "sep" },
      { "kind": "category", "name": "%{BKY_GAMES_CATPROCEDURES}", "custom": "PROCEDURE", "categorystyle": "procedure_category" }
    ]
  },
  "functions_loops": {
    "kind": "categoryToolbox",
    "contents": [
      { "kind": "category", "name": "%{BKY_GAMES_CATMOVEMENT}", "categorystyle": "movement_category", "contents": [ { "kind": "block", "type": "maze_moveForward" }, { "kind": "block", "type": "maze_turn" } ]},
      { "kind": "category", "name": "%{BKY_GAMES_CATLOOPS}", "categorystyle": "loops_category", "contents": [ { "kind": "block", "type": "maze_repeat", "inputs": { "TIMES": { "shadow": { "type": "math_number", "fields": { "NUM": 5 }}}}} ]},
      { "kind": "sep" },
      { "kind": "category", "name": "%{BKY_GAMES_CATPROCEDURES}", "custom": "PROCEDURE", "categorystyle": "procedure_category" }
    ]
  },
  "loops_simple": {
    "kind": "categoryToolbox",
    "contents": [
      { "kind": "category", "name": "%{BKY_GAMES_CATMOVEMENT}", "categorystyle": "movement_category", "contents": [
        { "kind": "block", "type": "maze_moveForward" },
        { "kind": "block", "type": "maze_jump" },
        { "kind": "block", "type": "maze_turn" }
      ]},
      { "kind": "category", "name": "%{BKY_GAMES_CATACTIONS}", "categorystyle": "actions_category", "contents": [
        { "kind": "block", "type": "maze_collect" },
        { "kind": "block", "type": "maze_toggle_switch" }
      ]},
      { "kind": "category", "name": "%{BKY_GAMES_CATLOOPS}", "categorystyle": "loops_category", "contents": [
        { "kind": "block", "type": "maze_repeat", "inputs": { "TIMES": { "shadow": { "type": "math_number", "fields": { "NUM": 5 }}}}}
      ]},
      { "kind": "sep" },
      { "kind": "category", "name": "%{BKY_GAMES_CATPROCEDURES}", "custom": "PROCEDURE", "categorystyle": "procedure_category" }
    ]
  },
  "variables_basic": {
    "kind": "categoryToolbox",
    "contents": [
      { "kind": "category", "name": "%{BKY_GAMES_CATMOVEMENT}", "categorystyle": "movement_category", "contents": [
        { "kind": "block", "type": "maze_moveForward" },
        { "kind": "block", "type": "maze_jump" },
        { "kind": "block", "type": "maze_turn" }
      ]},
      { "kind": "category", "name": "%{BKY_GAMES_CATACTIONS}", "categorystyle": "actions_category", "contents": [
        { "kind": "block", "type": "maze_collect" },
        { "kind": "block", "type": "maze_toggle_switch" }
      ]},
      { "kind": "category", "name": "%{BKY_GAMES_CATLOOPS}", "categorystyle": "loops_category", "contents": [
        { "kind": "block", "type": "maze_repeat", "inputs": { "TIMES": { "shadow": { "type": "math_number", "fields": { "NUM": 5 }}}}}
      ]},
            { "kind": "category", "name": "%{BKY_GAMES_CATMATH}", "categorystyle": "math_category", "contents": [
        { "kind": "block", "type": "math_number" },
        { "kind": "block", "type": "math_arithmetic", "inputs": { "A": { "shadow": { "type": "math_number", "fields": { "NUM": 1 }}}, "B": { "shadow": { "type": "math_number", "fields": { "NUM": 1 }}} }}
      ]},
      { "kind": "sep" },
      { "kind": "category", "name": "%{BKY_GAMES_CATVARIABLES}", "custom": "VARIABLE", "categorystyle": "variable_category" }
    ]
  },
  "variables_full": {
    "kind": "categoryToolbox",
    "contents": [
      { "kind": "category", "name": "%{BKY_GAMES_CATMOVEMENT}", "categorystyle": "movement_category", "contents": [
        { "kind": "block", "type": "maze_moveForward" },
        { "kind": "block", "type": "maze_jump" },
        { "kind": "block", "type": "maze_turn" }
      ]},
      { "kind": "category", "name": "%{BKY_GAMES_CATACTIONS}", "categorystyle": "actions_category", "contents": [
        { "kind": "block", "type": "maze_collect" },
        { "kind": "block", "type": "maze_toggle_switch" }
      ]},
      {
            "kind": "category",
            "name": "%{BKY_GAMES_CATLOGIC}",
            "categorystyle": "logic_category",
            "contents": [
              { "kind": "block", "type": "controls_if" },
              { "kind": "block", "type": "logic_compare" },
              { "kind": "block", "type": "logic_operation" },
              { "kind": "block", "type": "logic_negate" },
              { "kind": "block", "type": "logic_boolean" },
              { "kind": "block", "type": "maze_is_path" },
              { "kind": "block", "type": "maze_is_item_present" },
              { "kind": "block", "type": "maze_is_switch_state" },
              { "kind": "block", "type": "maze_at_finish" }
            ]
        },
      { "kind": "category", "name": "%{BKY_GAMES_CATMATH}", "categorystyle": "math_category", "contents": [
        { "kind": "block", "type": "math_number" },
        { "kind": "block", "type": "math_arithmetic", "inputs": { "A": { "shadow": { "type": "math_number", "fields": { "NUM": 1 }}}, "B": { "shadow": { "type": "math_number", "fields": { "NUM": 1 }}} }}
      ]},
      { "kind": "sep" },
      { "kind": "category", "name": "%{BKY_GAMES_CATVARIABLES}", "custom": "VARIABLE", "categorystyle": "variable_category" },
      { "kind": "category", "name": "%{BKY_GAMES_CATPROCEDURES}", "custom": "PROCEDURE", "categorystyle": "procedure_category" }
    ]
  },
  "loops_basic": {
    "kind": "categoryToolbox",
    "contents": [
      { "kind": "category", "name": "%{BKY_GAMES_CATMOVEMENT}", "categorystyle": "movement_category", "contents": [
        { "kind": "block", "type": "maze_moveForward" },
        { "kind": "block", "type": "maze_jump" },
        { "kind": "block", "type": "maze_turn" }
      ]},
      { "kind": "category", "name": "%{BKY_GAMES_CATACTIONS}", "categorystyle": "actions_category", "contents": [
        { "kind": "block", "type": "maze_collect" },
        { "kind": "block", "type": "maze_toggle_switch" }
      ]},
      { "kind": "category", "name": "%{BKY_GAMES_CATLOOPS}", "categorystyle": "loops_category", "contents": [
        { "kind": "block", "type": "maze_repeat", "inputs": { "TIMES": { "shadow": { "type": "math_number", "fields": { "NUM": 5 }}}}}
      ]}
    ]
  },
  "logic_basic": {
    "kind": "categoryToolbox",
    "contents": [
      { "kind": "category", "name": "%{BKY_GAMES_CATMOVEMENT}", "categorystyle": "movement_category", "contents": [
        { "kind": "block", "type": "maze_moveForward" },
        { "kind": "block", "type": "maze_turn" }
      ]},
      {
            "kind": "category",
            "name": "%{BKY_GAMES_CATLOGIC}",
            "categorystyle": "logic_category",
            "contents": [
              { "kind": "block", "type": "controls_if" },
              { "kind": "block", "type": "logic_compare" },
              { "kind": "block", "type": "logic_operation" },
              { "kind": "block", "type": "logic_negate" },
              { "kind": "block", "type": "logic_boolean" },
              { "kind": "block", "type": "maze_is_path" },
              { "kind": "block", "type": "maze_is_item_present" },
              { "kind": "block", "type": "maze_is_switch_state" },
              { "kind": "block", "type": "maze_at_finish" }
            ]
        }
    ]
  },
  "full_toolbox_no_jump": {
    "kind": "categoryToolbox",
    "contents": [
        { "kind": "category", "name": "%{BKY_GAMES_CATMOVEMENT}", "categorystyle": "movement_category", "contents": [
            { "kind": "block", "type": "maze_moveForward" },
            { "kind": "block", "type": "maze_turn" }
        ]},
        { "kind": "category", "name": "%{BKY_GAMES_CATLOOPS}", "categorystyle": "loops_category", "contents": [
            { "kind": "block", "type": "maze_forever" },
            { "kind": "block", "type": "controls_whileUntil" },
            { "kind": "block", "type": "maze_repeat", "inputs": { "TIMES": { "shadow": { "type": "math_number", "fields": { "NUM": 5 }}}}}
        ]},
        {
            "kind": "category",
            "name": "%{BKY_GAMES_CATLOGIC}",
            "categorystyle": "logic_category",
            "contents": [
              { "kind": "block", "type": "controls_if" },
              { "kind": "block", "type": "logic_compare" },
              { "kind": "block", "type": "logic_operation" },
              { "kind": "block", "type": "logic_negate" },
              { "kind": "block", "type": "logic_boolean" },
              { "kind": "block", "type": "maze_is_path" },
              { "kind": "block", "type": "maze_is_item_present" },
              { "kind": "block", "type": "maze_is_switch_state" },
              { "kind": "block", "type": "maze_at_finish" }
            ]
        },
        { "kind": "category", "name": "%{BKY_GAMES_CATACTIONS}", "categorystyle": "actions_category", "contents": [
            { "kind": "block", "type": "maze_collect" },
            { "kind": "block", "type": "maze_toggle_switch" }
        ]},
        { "kind": "category", "name": "%{BKY_GAMES_CATMATH}", "categorystyle": "math_category", "contents": [
            { "kind": "block", "type": "maze_item_count" },
            { "kind": "block", "type": "math_number" },
            { "kind": "block", "type": "math_arithmetic", "inputs": { "A": { "shadow": { "type": "math_number", "fields": { "NUM": 1 }}}, "B": { "shadow": { "type": "math_number", "fields": { "NUM": 1 }}} }}
        ]},
        { "kind": "sep" },
        { "kind": "category", "name": "%{BKY_GAMES_CATVARIABLES}", "custom": "VARIABLE", "categorystyle": "variable_category" },
        { "kind": "category", "name": "%{BKY_GAMES_CATPROCEDURES}", "custom": "PROCEDURE", "categorystyle": "procedure_category" }
    ]
  },
  "full_toolbox": {
    "kind": "categoryToolbox",
    "contents": [
        { "kind": "category", "name": "%{BKY_GAMES_CATMOVEMENT}", "categorystyle": "movement_category", "contents": [
            { "kind": "block", "type": "maze_moveForward" },
            { "kind": "block", "type": "maze_jump" },
            { "kind": "block", "type": "maze_turn" }
        ]},
        { "kind": "category", "name": "%{BKY_GAMES_CATLOOPS}", "categorystyle": "loops_category", "contents": [
            { "kind": "block", "type": "maze_forever" },
            { "kind": "block", "type": "controls_whileUntil" },
            { "kind": "block", "type": "maze_repeat", "inputs": { "TIMES": { "shadow": { "type": "math_number", "fields": { "NUM": 5 }}}}}
        ]},
        {
            "kind": "category",
            "name": "%{BKY_GAMES_CATLOGIC}",
            "categorystyle": "logic_category",
            "contents": [
              { "kind": "block", "type": "controls_if" },
              { "kind": "block", "type": "logic_compare" },
              { "kind": "block", "type": "logic_operation" },
              { "kind": "block", "type": "logic_negate" },
              { "kind": "block", "type": "logic_boolean" },
              { "kind": "block", "type": "maze_is_path" },
              { "kind": "block", "type": "maze_is_item_present" },
              { "kind": "block", "type": "maze_is_switch_state" },
              { "kind": "block", "type": "maze_at_finish" }
            ]
        },
        { "kind": "category", "name": "%{BKY_GAMES_CATACTIONS}", "categorystyle": "actions_category", "contents": [
            { "kind": "block", "type": "maze_collect" },
            { "kind": "block", "type": "maze_toggle_switch" }
        ]},
        { "kind": "category", "name": "%{BKY_GAMES_CATMATH}", "categorystyle": "math_category", "contents": [
            { "kind": "block", "type": "maze_item_count" },
            { "kind": "block", "type": "math_number" },
            { "kind": "block", "type": "math_arithmetic", "inputs": { "A": { "shadow": { "type": "math_number", "fields": { "NUM": 1 }}}, "B": { "shadow": { "type": "math_number", "fields": { "NUM": 1 }}} }}
        ]},
        { "kind": "sep" },
        { "kind": "category", "name": "%{BKY_GAMES_CATVARIABLES}", "custom": "VARIABLE", "categorystyle": "variable_category" },
        { "kind": "category", "name": "%{BKY_GAMES_CATPROCEDURES}", "custom": "PROCEDURE", "categorystyle": "procedure_category" }
    ]
  }
}