{
  "id": "ForLoop.Showcase.Square-var1",
  "gameType": "maze",
  "grade": 4,
  "topic": "topic-title-topic_98",
  "level": 2,
  "titleKey": "Challenge.ForLoop.Showcase.Square.Title",
  "questTitleKey": "Challenge.ForLoop.Showcase.Square.Description",
  "descriptionKey": "Challenge.ForLoop.Showcase.Square.Description",
  "translations": {
    "vi": {
      "Challenge.ForLoop.Showcase.Square.Title": "Vòng lặp trên hình vuông",
      "Challenge.ForLoop.Showcase.Square.Description": "Sử dụng vòng lặp để đi qua 4 góc của hình vuông.",
      "topic-title-topic_98": "For Loop Showcase"
    }
  },
  "supportedEditors": [
    "blockly",
    "monaco"
  ],
  "blocklyConfig": {
    "toolbox": {
      "kind": "categoryToolbox",
      "contents": [
        {
          "kind": "category",
          "name": "%{BKY_GAMES_CATEVENTS}",
          "categorystyle": "events_category",
          "contents": [
            {
              "kind": "block",
              "type": "maze_start"
            }
          ]
        },
        {
          "kind": "category",
          "name": "%{BKY_GAMES_CATMOVEMENT}",
          "categorystyle": "movement_category",
          "contents": [
            {
              "kind": "block",
              "type": "maze_moveForward"
            },
            {
              "kind": "block",
              "type": "maze_jump"
            },
            {
              "kind": "block",
              "type": "maze_turn"
            }
          ]
        },
        {
          "kind": "category",
          "name": "%{BKY_GAMES_CATACTIONS}",
          "categorystyle": "actions_category",
          "contents": [
            {
              "kind": "block",
              "type": "maze_collect"
            },
            {
              "kind": "block",
              "type": "maze_toggle_switch"
            }
          ]
        },
        {
          "kind": "category",
          "name": "%{BKY_GAMES_CATLOOPS}",
          "categorystyle": "loops_category",
          "contents": [
            {
              "kind": "block",
              "type": "maze_repeat",
              "inputs": {
                "TIMES": {
                  "shadow": {
                    "type": "math_number",
                    "fields": {
                      "NUM": 5
                    }
                  }
                }
              }
            }
          ]
        },
        {
          "kind": "sep"
        },
        {
          "kind": "category",
          "name": "%{BKY_GAMES_CATPROCEDURES}",
          "custom": "PROCEDURE",
          "categorystyle": "procedure_category"
        }
      ]
    },
    "maxBlocks": 24,
    "startBlocks": "<xml><block type=\"maze_start\" deletable=\"false\" movable=\"false\"><statement name=\"DO\"></statement></block></xml>"
  },
  "gameConfig": {
    "type": "maze",
    "renderer": "3d",
    "blocks": [
      {
        "modelKey": "ground.normal",
        "position": {
          "x": 4,
          "y": 0,
          "z": 1
        }
      },
      {
        "modelKey": "ground.normal",
        "position": {
          "x": 4,
          "y": 0,
          "z": 6
        }
      },
      {
        "modelKey": "ground.normal",
        "position": {
          "x": 5,
          "y": 0,
          "z": 1
        }
      },
      {
        "modelKey": "ground.normal",
        "position": {
          "x": 5,
          "y": 0,
          "z": 6
        }
      },
      {
        "modelKey": "ground.normal",
        "position": {
          "x": 6,
          "y": 0,
          "z": 1
        }
      },
      {
        "modelKey": "ground.normal",
        "position": {
          "x": 6,
          "y": 0,
          "z": 6
        }
      },
      {
        "modelKey": "ground.normal",
        "position": {
          "x": 7,
          "y": 0,
          "z": 1
        }
      },
      {
        "modelKey": "ground.normal",
        "position": {
          "x": 7,
          "y": 0,
          "z": 6
        }
      },
      {
        "modelKey": "ground.normal",
        "position": {
          "x": 8,
          "y": 0,
          "z": 1
        }
      },
      {
        "modelKey": "ground.normal",
        "position": {
          "x": 8,
          "y": 0,
          "z": 6
        }
      },
      {
        "modelKey": "ground.normal",
        "position": {
          "x": 9,
          "y": 0,
          "z": 1
        }
      },
      {
        "modelKey": "ground.normal",
        "position": {
          "x": 9,
          "y": 0,
          "z": 6
        }
      },
      {
        "modelKey": "ground.normal",
        "position": {
          "x": 10,
          "y": 0,
          "z": 1
        }
      },
      {
        "modelKey": "ground.normal",
        "position": {
          "x": 10,
          "y": 0,
          "z": 2
        }
      },
      {
        "modelKey": "ground.normal",
        "position": {
          "x": 10,
          "y": 0,
          "z": 3
        }
      },
      {
        "modelKey": "ground.normal",
        "position": {
          "x": 10,
          "y": 0,
          "z": 4
        }
      },
      {
        "modelKey": "ground.normal",
        "position": {
          "x": 10,
          "y": 0,
          "z": 5
        }
      },
      {
        "modelKey": "ground.normal",
        "position": {
          "x": 10,
          "y": 0,
          "z": 6
        }
      }
    ],
    "players": [
      {
        "id": "player1",
        "start": {
          "x": 4,
          "y": 1,
          "z": 1,
          "direction": 1
        }
      }
    ],
    "collectibles": [
      {
        "id": "c1",
        "type": "crystal",
        "position": {
          "x": 7,
          "y": 1,
          "z": 1
        }
      },
      {
        "id": "c2",
        "type": "crystal",
        "position": {
          "x": 10,
          "y": 1,
          "z": 4
        }
      },
      {
        "id": "c3",
        "type": "crystal",
        "position": {
          "x": 6,
          "y": 1,
          "z": 1
        }
      },
      {
        "id": "c4",
        "type": "crystal",
        "position": {
          "x": 5,
          "y": 1,
          "z": 1
        }
      },
      {
        "id": "c5",
        "type": "crystal",
        "position": {
          "x": 10,
          "y": 1,
          "z": 2
        }
      },
      {
        "id": "c6",
        "type": "crystal",
        "position": {
          "x": 5,
          "y": 1,
          "z": 6
        }
      }
    ],
    "interactibles": [],
    "finish": {
      "x": 4,
      "y": 1,
      "z": 6
    }
  },
  "solution": {
    "type": "reach_target",
    "itemGoals": {
      "crystal": 6
    },
    "optimalBlocks": 19,
    "optimalLines": 18,
    "rawActions": [
      "moveForward",
      "collect",
      "moveForward",
      "collect",
      "moveForward",
      "collect",
      "moveForward",
      "moveForward",
      "moveForward",
      "turnRight",
      "moveForward",
      "collect",
      "moveForward",
      "moveForward",
      "collect",
      "moveForward",
      "moveForward",
      "turnRight",
      "moveForward",
      "moveForward",
      "moveForward",
      "moveForward",
      "moveForward",
      "collect",
      "moveForward"
    ],
    "structuredSolution": {
      "main": [
        {
          "type": "CALL",
          "name": "PROCEDURE_1"
        },
        {
          "type": "maze_collect"
        },
        {
          "type": "CALL",
          "name": "PROCEDURE_1"
        },
        {
          "type": "maze_moveForward"
        },
        {
          "type": "maze_moveForward"
        },
        {
          "type": "maze_turn",
          "direction": "turnRight"
        },
        {
          "type": "CALL",
          "name": "PROCEDURE_1"
        },
        {
          "type": "CALL",
          "name": "PROCEDURE_1"
        },
        {
          "type": "maze_moveForward"
        },
        {
          "type": "maze_turn",
          "direction": "turnRight"
        },
        {
          "type": "maze_repeat",
          "times": 2,
          "body": [
            {
              "type": "maze_moveForward"
            },
            {
              "type": "maze_moveForward"
            }
          ]
        },
        {
          "type": "CALL",
          "name": "PROCEDURE_1"
        }
      ],
      "procedures": {
        "PROCEDURE_1": [
          {
            "type": "maze_moveForward"
          },
          {
            "type": "maze_collect"
          },
          {
            "type": "maze_moveForward"
          }
        ]
      }
    }
  },
  "sounds": {
    "win": "/assets/maze/win.mp3",
    "fail": "/assets/maze/fail_pegman.mp3"
  }
}