{
  "id": "ForLoop.Showcase.Staircase-var1",
  "gameType": "maze",
  "grade": 4,
  "topic": "topic-title-topic_98",
  "level": 4,
  "titleKey": "Challenge.ForLoop.Showcase.Staircase.Title",
  "questTitleKey": "Challenge.ForLoop.Showcase.Staircase.Description",
  "descriptionKey": "Challenge.ForLoop.Showcase.Staircase.Description",
  "translations": {
    "vi": {
      "Challenge.ForLoop.Showcase.Staircase.Title": "Vòng lặp trên cầu thang",
      "Challenge.ForLoop.Showcase.Staircase.Description": "Sử dụng vòng lặp để nhảy lên các bậc thang và thu thập pha lê.",
      "topic-title-topic_98": "For Loop Showcase"
    }
  },
  "supportedEditors": [
    "blockly",
    "monaco"
  ],
  "blocklyConfig": {
    "toolbox": {
      "kind": "categoryToolbox",
      "contents": [
        {
          "kind": "category",
          "name": "%{BKY_GAMES_CATEVENTS}",
          "categorystyle": "events_category",
          "contents": [
            {
              "kind": "block",
              "type": "maze_start"
            }
          ]
        },
        {
          "kind": "category",
          "name": "%{BKY_GAMES_CATMOVEMENT}",
          "categorystyle": "movement_category",
          "contents": [
            {
              "kind": "block",
              "type": "maze_moveForward"
            },
            {
              "kind": "block",
              "type": "maze_jump"
            },
            {
              "kind": "block",
              "type": "maze_turn"
            }
          ]
        },
        {
          "kind": "category",
          "name": "%{BKY_GAMES_CATACTIONS}",
          "categorystyle": "actions_category",
          "contents": [
            {
              "kind": "block",
              "type": "maze_collect"
            },
            {
              "kind": "block",
              "type": "maze_toggle_switch"
            }
          ]
        },
        {
          "kind": "category",
          "name": "%{BKY_GAMES_CATLOOPS}",
          "categorystyle": "loops_category",
          "contents": [
            {
              "kind": "block",
              "type": "maze_repeat",
              "inputs": {
                "TIMES": {
                  "shadow": {
                    "type": "math_number",
                    "fields": {
                      "NUM": 5
                    }
                  }
                }
              }
            }
          ]
        },
        {
          "kind": "sep"
        },
        {
          "kind": "category",
          "name": "%{BKY_GAMES_CATPROCEDURES}",
          "custom": "PROCEDURE",
          "categorystyle": "procedure_category"
        }
      ]
    },
    "maxBlocks": 99,
    "startBlocks": "<xml><block type=\"maze_start\" deletable=\"false\" movable=\"false\"><statement name=\"DO\"></statement></block></xml>"
  },
  "gameConfig": {
    "type": "maze",
    "renderer": "3d",
    "blocks": [
      {
        "modelKey": "ground.normal",
        "position": {
          "x": 6,
          "y": 0,
          "z": 5
        }
      },
      {
        "modelKey": "ground.normal",
        "position": {
          "x": 6,
          "y": 0,
          "z": 6
        }
      },
      {
        "modelKey": "ground.normal",
        "position": {
          "x": 6,
          "y": 1,
          "z": 4
        }
      },
      {
        "modelKey": "ground.normal",
        "position": {
          "x": 6,
          "y": 1,
          "z": 5
        }
      },
      {
        "modelKey": "ground.normal",
        "position": {
          "x": 6,
          "y": 2,
          "z": 3
        }
      },
      {
        "modelKey": "ground.normal",
        "position": {
          "x": 6,
          "y": 2,
          "z": 4
        }
      },
      {
        "modelKey": "ground.normal",
        "position": {
          "x": 6,
          "y": 3,
          "z": 2
        }
      },
      {
        "modelKey": "ground.normal",
        "position": {
          "x": 6,
          "y": 3,
          "z": 3
        }
      },
      {
        "modelKey": "ground.normal",
        "position": {
          "x": 6,
          "y": 4,
          "z": 2
        }
      }
    ],
    "players": [
      {
        "id": "player1",
        "start": {
          "x": 6,
          "y": 1,
          "z": 6,
          "direction": 1
        }
      }
    ],
    "collectibles": [
      {
        "id": "c1",
        "type": "crystal",
        "position": {
          "x": 6,
          "y": 1,
          "z": 5
        }
      },
      {
        "id": "c2",
        "type": "crystal",
        "position": {
          "x": 6,
          "y": 2,
          "z": 5
        }
      },
      {
        "id": "c3",
        "type": "crystal",
        "position": {
          "x": 6,
          "y": 2,
          "z": 4
        }
      },
      {
        "id": "c4",
        "type": "crystal",
        "position": {
          "x": 6,
          "y": 3,
          "z": 4
        }
      },
      {
        "id": "c5",
        "type": "crystal",
        "position": {
          "x": 6,
          "y": 3,
          "z": 3
        }
      },
      {
        "id": "c6",
        "type": "crystal",
        "position": {
          "x": 6,
          "y": 4,
          "z": 3
        }
      },
      {
        "id": "c7",
        "type": "crystal",
        "position": {
          "x": 6,
          "y": 4,
          "z": 2
        }
      }
    ],
    "interactibles": [],
    "finish": {
      "x": 6,
      "y": 5,
      "z": 2
    },
    "obstacles": [
      {
        "id": "o1",
        "type": "obstacle",
        "modelKey": "wall.brick01",
        "position": {
          "x": 6,
          "y": 1,
          "z": 5
        }
      },
      {
        "id": "o2",
        "type": "obstacle",
        "modelKey": "wall.brick01",
        "position": {
          "x": 6,
          "y": 1,
          "z": 4
        }
      },
      {
        "id": "o3",
        "type": "obstacle",
        "modelKey": "wall.brick01",
        "position": {
          "x": 6,
          "y": 2,
          "z": 4
        }
      },
      {
        "id": "o4",
        "type": "obstacle",
        "modelKey": "wall.brick01",
        "position": {
          "x": 6,
          "y": 2,
          "z": 3
        }
      },
      {
        "id": "o5",
        "type": "obstacle",
        "modelKey": "wall.brick01",
        "position": {
          "x": 6,
          "y": 3,
          "z": 3
        }
      },
      {
        "id": "o6",
        "type": "obstacle",
        "modelKey": "wall.brick01",
        "position": {
          "x": 6,
          "y": 3,
          "z": 2
        }
      },
      {
        "id": "o7",
        "type": "obstacle",
        "modelKey": "wall.brick01",
        "position": {
          "x": 6,
          "y": 4,
          "z": 2
        }
      }
    ]
  },
  "solution": {
    "type": "reach_target",
    "itemGoals": {
      "crystal": 7
    },
    "optimalBlocks": 0,
    "optimalLines": 0,
    "rawActions": [],
    "structuredSolution": {}
  },
  "sounds": {
    "win": "/assets/maze/win.mp3",
    "fail": "/assets/maze/fail_pegman.mp3"
  }
}