{
  "gameConfig": {
    "type": "maze",
    "renderer": "3d",
    "blocks": [
      {
        "modelKey": "ground.normal",
        "position": {
          "x": 6,
          "y": 0,
          "z": 5
        }
      },
      {
        "modelKey": "ground.normal",
        "position": {
          "x": 6,
          "y": 0,
          "z": 6
        }
      },
      {
        "modelKey": "ground.normal",
        "position": {
          "x": 6,
          "y": 1,
          "z": 4
        }
      },
      {
        "modelKey": "ground.normal",
        "position": {
          "x": 6,
          "y": 1,
          "z": 5
        }
      },
      {
        "modelKey": "ground.normal",
        "position": {
          "x": 6,
          "y": 2,
          "z": 3
        }
      },
      {
        "modelKey": "ground.normal",
        "position": {
          "x": 6,
          "y": 2,
          "z": 4
        }
      },
      {
        "modelKey": "ground.normal",
        "position": {
          "x": 6,
          "y": 3,
          "z": 2
        }
      },
      {
        "modelKey": "ground.normal",
        "position": {
          "x": 6,
          "y": 3,
          "z": 3
        }
      },
      {
        "modelKey": "ground.normal",
        "position": {
          "x": 6,
          "y": 4,
          "z": 2
        }
      }
    ],
    "players": [
      {
        "id": "player1",
        "start": {
          "x": 6,
          "y": 1,
          "z": 6,
          "direction": 1
        }
      }
    ],
    "collectibles": [
      {
        "id": "c1",
        "type": "crystal",
        "position": {
          "x": 6,
          "y": 1,
          "z": 5
        }
      },
      {
        "id": "c2",
        "type": "crystal",
        "position": {
          "x": 6,
          "y": 2,
          "z": 5
        }
      },
      {
        "id": "c3",
        "type": "crystal",
        "position": {
          "x": 6,
          "y": 2,
          "z": 4
        }
      },
      {
        "id": "c4",
        "type": "crystal",
        "position": {
          "x": 6,
          "y": 3,
          "z": 4
        }
      },
      {
        "id": "c5",
        "type": "crystal",
        "position": {
          "x": 6,
          "y": 3,
          "z": 3
        }
      },
      {
        "id": "c6",
        "type": "crystal",
        "position": {
          "x": 6,
          "y": 4,
          "z": 3
        }
      },
      {
        "id": "c7",
        "type": "crystal",
        "position": {
          "x": 6,
          "y": 4,
          "z": 2
        }
      }
    ],
    "interactibles": [],
    "finish": {
      "x": 6,
      "y": 5,
      "z": 2
    },
    "obstacles": [
      {
        "id": "o1",
        "type": "obstacle",
        "modelKey": "wall.brick01",
        "position": {
          "x": 6,
          "y": 1,
          "z": 5
        }
      },
      {
        "id": "o2",
        "type": "obstacle",
        "modelKey": "wall.brick01",
        "position": {
          "x": 6,
          "y": 1,
          "z": 4
        }
      },
      {
        "id": "o3",
        "type": "obstacle",
        "modelKey": "wall.brick01",
        "position": {
          "x": 6,
          "y": 2,
          "z": 4
        }
      },
      {
        "id": "o4",
        "type": "obstacle",
        "modelKey": "wall.brick01",
        "position": {
          "x": 6,
          "y": 2,
          "z": 3
        }
      },
      {
        "id": "o5",
        "type": "obstacle",
        "modelKey": "wall.brick01",
        "position": {
          "x": 6,
          "y": 3,
          "z": 3
        }
      },
      {
        "id": "o6",
        "type": "obstacle",
        "modelKey": "wall.brick01",
        "position": {
          "x": 6,
          "y": 3,
          "z": 2
        }
      },
      {
        "id": "o7",
        "type": "obstacle",
        "modelKey": "wall.brick01",
        "position": {
          "x": 6,
          "y": 4,
          "z": 2
        }
      }
    ]
  }
}