{
  "gameConfig": {
    "type": "maze",
    "renderer": "3d",
    "blocks": [
      {
        "modelKey": "ground.normal",
        "position": {
          "x": 1,
          "y": 0,
          "z": -2
        }
      },
      {
        "modelKey": "ground.normal",
        "position": {
          "x": 1,
          "y": 0,
          "z": -1
        }
      },
      {
        "modelKey": "ground.normal",
        "position": {
          "x": 1,
          "y": 0,
          "z": 0
        }
      },
      {
        "modelKey": "ground.normal",
        "position": {
          "x": 1,
          "y": 0,
          "z": 1
        }
      },
      {
        "modelKey": "ground.normal",
        "position": {
          "x": 1,
          "y": 0,
          "z": 2
        }
      },
      {
        "modelKey": "ground.normal",
        "position": {
          "x": 2,
          "y": 0,
          "z": -2
        }
      },
      {
        "modelKey": "ground.normal",
        "position": {
          "x": 3,
          "y": 0,
          "z": -2
        }
      },
      {
        "modelKey": "ground.normal",
        "position": {
          "x": 4,
          "y": 0,
          "z": -2
        }
      },
      {
        "modelKey": "ground.normal",
        "position": {
          "x": 5,
          "y": 0,
          "z": -2
        }
      }
    ],
    "players": [
      {
        "id": "player1",
        "start": {
          "x": 1,
          "y": 1,
          "z": 2,
          "direction": 1
        }
      }
    ],
    "collectibles": [
      {
        "id": "c1",
        "type": "crystal",
        "position": {
          "x": 1,
          "y": 1,
          "z": 1
        }
      },
      {
        "id": "c2",
        "type": "crystal",
        "position": {
          "x": 1,
          "y": 1,
          "z": 0
        }
      },
      {
        "id": "c3",
        "type": "crystal",
        "position": {
          "x": 1,
          "y": 1,
          "z": -1
        }
      },
      {
        "id": "c4",
        "type": "crystal",
        "position": {
          "x": 1,
          "y": 1,
          "z": -2
        }
      },
      {
        "id": "c5",
        "type": "crystal",
        "position": {
          "x": 2,
          "y": 1,
          "z": -2
        }
      },
      {
        "id": "c6",
        "type": "crystal",
        "position": {
          "x": 3,
          "y": 1,
          "z": -2
        }
      },
      {
        "id": "c7",
        "type": "crystal",
        "position": {
          "x": 4,
          "y": 1,
          "z": -2
        }
      }
    ],
    "interactibles": [],
    "finish": {
      "x": 5,
      "y": 1,
      "z": -2
    }
  }
}