{
  "gameConfig": {
    "type": "maze",
    "renderer": "3d",
    "blocks": [
      {
        "modelKey": "ground.normal",
        "position": {
          "x": 4,
          "y": 0,
          "z": 1
        }
      },
      {
        "modelKey": "ground.normal",
        "position": {
          "x": 4,
          "y": 0,
          "z": 6
        }
      },
      {
        "modelKey": "ground.normal",
        "position": {
          "x": 5,
          "y": 0,
          "z": 1
        }
      },
      {
        "modelKey": "ground.normal",
        "position": {
          "x": 5,
          "y": 0,
          "z": 6
        }
      },
      {
        "modelKey": "ground.normal",
        "position": {
          "x": 6,
          "y": 0,
          "z": 1
        }
      },
      {
        "modelKey": "ground.normal",
        "position": {
          "x": 6,
          "y": 0,
          "z": 6
        }
      },
      {
        "modelKey": "ground.normal",
        "position": {
          "x": 7,
          "y": 0,
          "z": 1
        }
      },
      {
        "modelKey": "ground.normal",
        "position": {
          "x": 7,
          "y": 0,
          "z": 6
        }
      },
      {
        "modelKey": "ground.normal",
        "position": {
          "x": 8,
          "y": 0,
          "z": 1
        }
      },
      {
        "modelKey": "ground.normal",
        "position": {
          "x": 8,
          "y": 0,
          "z": 6
        }
      },
      {
        "modelKey": "ground.normal",
        "position": {
          "x": 9,
          "y": 0,
          "z": 1
        }
      },
      {
        "modelKey": "ground.normal",
        "position": {
          "x": 9,
          "y": 0,
          "z": 6
        }
      },
      {
        "modelKey": "ground.normal",
        "position": {
          "x": 10,
          "y": 0,
          "z": 1
        }
      },
      {
        "modelKey": "ground.normal",
        "position": {
          "x": 10,
          "y": 0,
          "z": 2
        }
      },
      {
        "modelKey": "ground.normal",
        "position": {
          "x": 10,
          "y": 0,
          "z": 3
        }
      },
      {
        "modelKey": "ground.normal",
        "position": {
          "x": 10,
          "y": 0,
          "z": 4
        }
      },
      {
        "modelKey": "ground.normal",
        "position": {
          "x": 10,
          "y": 0,
          "z": 5
        }
      },
      {
        "modelKey": "ground.normal",
        "position": {
          "x": 10,
          "y": 0,
          "z": 6
        }
      }
    ],
    "players": [
      {
        "id": "player1",
        "start": {
          "x": 4,
          "y": 1,
          "z": 1,
          "direction": 1
        }
      }
    ],
    "collectibles": [
      {
        "id": "c1",
        "type": "crystal",
        "position": {
          "x": 7,
          "y": 1,
          "z": 1
        }
      },
      {
        "id": "c2",
        "type": "crystal",
        "position": {
          "x": 10,
          "y": 1,
          "z": 4
        }
      },
      {
        "id": "c3",
        "type": "crystal",
        "position": {
          "x": 6,
          "y": 1,
          "z": 1
        }
      },
      {
        "id": "c4",
        "type": "crystal",
        "position": {
          "x": 5,
          "y": 1,
          "z": 1
        }
      },
      {
        "id": "c5",
        "type": "crystal",
        "position": {
          "x": 10,
          "y": 1,
          "z": 2
        }
      },
      {
        "id": "c6",
        "type": "crystal",
        "position": {
          "x": 5,
          "y": 1,
          "z": 6
        }
      }
    ],
    "interactibles": [],
    "finish": {
      "x": 4,
      "y": 1,
      "z": 6
    }
  }
}